<?xml version="1.0" encoding="UTF-8"?><mdb:MD_Metadata xmlns:msr="http://standards.iso.org/iso/19115/-3/msr/1.0" xmlns:cit="http://standards.iso.org/iso/19115/-3/cit/1.0" xmlns:mex="http://standards.iso.org/iso/19115/-3/mex/1.0" xmlns:gcx="http://standards.iso.org/iso/19115/-3/gcx/1.0" xmlns:mmi="http://standards.iso.org/iso/19115/-3/mmi/1.0" xmlns:mac="http://standards.iso.org/iso/19115/-3/mac/1.0" xmlns:esri="http://www.esri.com/metadata/" xmlns:mdb="http://standards.iso.org/iso/19115/-3/mdb/1.0" xmlns:mda="http://standards.iso.org/iso/19115/-3/mda/1.0" xmlns:xsi="http://www.w3.org/2001/XMLSchema-instance" xmlns:mpc="http://standards.iso.org/iso/19115/-3/mpc/1.0" xmlns:cat="http://standards.iso.org/iso/19115/-3/cat/1.0" xmlns:gco="http://standards.iso.org/iso/19115/-3/gco/1.0" xmlns:xlink="http://www.w3.org/1999/xlink" xmlns:lan="http://standards.iso.org/iso/19115/-3/lan/1.0" xmlns:t="http://www.esri.com/xslt/translator" xmlns:mco="http://standards.iso.org/iso/19115/-3/mco/1.0" xmlns:mrs="http://standards.iso.org/iso/19115/-3/mrs/1.0" xmlns:dqc="http://standards.iso.org/iso/19157/-2/dqc/1.0" xmlns:gml="http://www.opengis.net/gml/3.2" xmlns:mrl="http://standards.iso.org/iso/19115/-3/mrl/1.0" xmlns:gex="http://standards.iso.org/iso/19115/-3/gex/1.0" xmlns:mdt="http://standards.iso.org/iso/19115/-3/mdt/1.0" xmlns:mri="http://standards.iso.org/iso/19115/-3/mri/1.0" xmlns:mas="http://standards.iso.org/iso/19115/-3/mas/1.0" xmlns:mds="http://standards.iso.org/iso/19115/-3/mds/1.0" xmlns:mcc="http://standards.iso.org/iso/19115/-3/mcc/1.0" xmlns:srv="http://standards.iso.org/iso/19115/-3/srv/2.0" xmlns:mdq="http://standards.iso.org/iso/19157/-2/mdq/1.0" xmlns:mrd="http://standards.iso.org/iso/19115/-3/mrd/1.0" xmlns:res="http://www.esri.com/metadata/res/" xmlns:mrc="http://standards.iso.org/iso/19115/-3/mrc/1.0">
    <mdb:metadataIdentifier>
        <mcc:MD_Identifier>
            <mcc:code>
                <gco:CharacterString>1640150296567r16202083672142997</gco:CharacterString>
            </mcc:code>
        </mcc:MD_Identifier>
    </mdb:metadataIdentifier>
    <mdb:defaultLocale>
        <lan:PT_Locale>
            <lan:language>
                <lan:LanguageCode codeList="http://www.loc.gov/standards/iso639-2/php/code_list.php" codeListValue="eng">eng</lan:LanguageCode>
            </lan:language>
            <lan:characterEncoding>
                <lan:MD_CharacterSetCode codeList="standards.iso.org/19115/-3/lan/1.0/codelists.xml#MD_CharacterSetCode" codeListValue="utf8">utf8</lan:MD_CharacterSetCode>
            </lan:characterEncoding>
        </lan:PT_Locale>
    </mdb:defaultLocale>
    <mdb:metadataScope>
        <mdb:MD_MetadataScope>
            <mdb:resourceScope>
                <mcc:MD_ScopeCode codeList="standards.iso.org/19115/-3/lan/1.0/codelists.xml#MD_ScopeCode" codeListValue="dataset">dataset</mcc:MD_ScopeCode>
            </mdb:resourceScope>
            <mdb:name>
                <gco:CharacterString>dataset</gco:CharacterString>
            </mdb:name>
        </mdb:MD_MetadataScope>
    </mdb:metadataScope>
    <mdb:contact>
        <cit:CI_Responsibility>
            <cit:role>
                <cit:CI_RoleCode codeList="standards.iso.org/19115/-3/lan/1.0/codelists.xml#CI_RoleCode" codeListValue="custodian">custodian</cit:CI_RoleCode>
            </cit:role>
            <cit:party>
                <cit:CI_Organisation>
                    <cit:name>
                        <gco:CharacterString>ACT Environment, Planning and Sustainable Development Directorate</gco:CharacterString>
                    </cit:name>
                    <cit:contactInfo>
                        <cit:CI_Contact>
                            <cit:address>
                                <cit:CI_Address>
                                    <cit:deliveryPoint>
                                        <gco:CharacterString>GPO Box 158</gco:CharacterString>
                                    </cit:deliveryPoint>
                                    <cit:city>
                                        <gco:CharacterString>Canberra</gco:CharacterString>
                                    </cit:city>
                                    <cit:administrativeArea>
                                        <gco:CharacterString>ACT</gco:CharacterString>
                                    </cit:administrativeArea>
                                    <cit:postalCode>
                                        <gco:CharacterString>2601</gco:CharacterString>
                                    </cit:postalCode>
                                    <cit:country>
                                        <lan:CountryCode codeList="http://www.iso.org/iso/country_codes/iso_3166_code_lists.htm" codeListValue="AU">AU</lan:CountryCode>
                                    </cit:country>
                                    <cit:electronicMailAddress>
                                        <gco:CharacterString>spatialdata@act.gov.au</gco:CharacterString>
                                    </cit:electronicMailAddress>
                                </cit:CI_Address>
                            </cit:address>
                        </cit:CI_Contact>
                    </cit:contactInfo>
                </cit:CI_Organisation>
            </cit:party>
        </cit:CI_Responsibility>
    </mdb:contact>
    <mdb:dateInfo>
        <cit:CI_Date>
            <cit:date>
                <gco:DateTime>2021-08-02</gco:DateTime>
            </cit:date>
            <cit:dateType>
                <cit:CI_DateTypeCode codeList="standards.iso.org/19115/-3/lan/1.0/codelists.xml#CI_DateTypeCode" codeListValue="revision">revision</cit:CI_DateTypeCode>
            </cit:dateType>
        </cit:CI_Date>
    </mdb:dateInfo>
    <mdb:metadataStandard>
        <cit:CI_Citation>
            <cit:title>
                <gco:CharacterString>ISO 19115-3 Geographic Information - Metadata - Part 1: Fundamentals</gco:CharacterString>
            </cit:title>
            <cit:edition>
                <gco:CharacterString>2014</gco:CharacterString>
            </cit:edition>
        </cit:CI_Citation>
    </mdb:metadataStandard>
    <mdb:otherLocale>
        <lan:PT_Locale>
            <lan:language>
                <lan:LanguageCode codeList="http://www.loc.gov/standards/iso639-2/php/code_list.php" codeListValue="eng">eng</lan:LanguageCode>
            </lan:language>
            <lan:country>
                <lan:CountryCode codeList="http://www.iso.org/iso/country_codes/iso_3166_code_lists.htm" codeListValue="AU">AU</lan:CountryCode>
            </lan:country>
            <lan:characterEncoding>
                <lan:MD_CharacterSetCode codeList="standards.iso.org/19115/-3/lan/1.0/codelists.xml#MD_CharacterSetCode" codeListValue="utf8">utf8</lan:MD_CharacterSetCode>
            </lan:characterEncoding>
        </lan:PT_Locale>
    </mdb:otherLocale>
    <mdb:spatialRepresentationInfo>
        <msr:MD_VectorSpatialRepresentation>
            <msr:topologyLevel>
                <msr:MD_TopologyLevelCode codeList="standards.iso.org/19115/-3/lan/1.0/codelists.xml#MD_TopologyLevelCode" codeListValue="geometryOnly">geometryOnly</msr:MD_TopologyLevelCode>
            </msr:topologyLevel>
            <msr:geometricObjects>
                <msr:MD_GeometricObjects>
                    <msr:geometricObjectType>
                        <msr:MD_GeometricObjectTypeCode codeList="standards.iso.org/19115/-3/lan/1.0/codelists.xml#MD_GeometricObjectTypeCode" codeListValue="composite">composite</msr:MD_GeometricObjectTypeCode>
                    </msr:geometricObjectType>
                    <msr:geometricObjectCount>
                        <gco:Integer>2093</gco:Integer>
                    </msr:geometricObjectCount>
                </msr:MD_GeometricObjects>
            </msr:geometricObjects>
        </msr:MD_VectorSpatialRepresentation>
    </mdb:spatialRepresentationInfo>
    <mdb:referenceSystemInfo>
        <mrs:MD_ReferenceSystem>
            <mrs:referenceSystemIdentifier>
                <mcc:MD_Identifier>
                    <mcc:code>
                        <gco:CharacterString>7855</gco:CharacterString>
                    </mcc:code>
                    <mcc:codeSpace>
                        <gco:CharacterString>EPSG</gco:CharacterString>
                    </mcc:codeSpace>
                    <mcc:version>
                        <gco:CharacterString>8.9.4(10.5.0)</gco:CharacterString>
                    </mcc:version>
                </mcc:MD_Identifier>
            </mrs:referenceSystemIdentifier>
        </mrs:MD_ReferenceSystem>
    </mdb:referenceSystemInfo>
    <mdb:identificationInfo>
        <mri:MD_DataIdentification>
            <mri:citation>
                <cit:CI_Citation>
                    <cit:title>
                        <gco:CharacterString>SDMSPUB.SDMSPUBDATA.ACTGOV_TP_OVERLAY_ZONE_POLY</gco:CharacterString>
                    </cit:title>
                    <cit:date>
                        <cit:CI_Date>
                            <cit:date>
                                <gco:DateTime>2021-08-02T00:00:00</gco:DateTime>
                            </cit:date>
                            <cit:dateType>
                                <cit:CI_DateTypeCode codeList="standards.iso.org/19115/-3/lan/1.0/codelists.xml#CI_DateTypeCode" codeListValue="publication">publication</cit:CI_DateTypeCode>
                            </cit:dateType>
                        </cit:CI_Date>
                    </cit:date>
                    <cit:presentationForm>
                        <cit:CI_PresentationFormCode codeList="standards.iso.org/19115/-3/lan/1.0/codelists.xml#CI_PresentationFormCode" codeListValue="mapDigital">mapDigital</cit:CI_PresentationFormCode>
                    </cit:presentationForm>
                </cit:CI_Citation>
            </mri:citation>
            <mri:abstract>
                <gco:CharacterString>There are 9 types of public land reserve: Pa (a wilderness area), Pb (a national park), Pc (a nature reserve), Pd (a special purpose reserve), Pe (an urban open space), Pf (a cemetery or burial ground), Pg (the protection of water supply), Ph (a lake), Pi (a sport and recreation reserve). Other overlays are: FUA (future urban area), A (National Land subject to a master plan under applicable Commonwealth legislation), S (Special Requirements apply under the National Capital Plan), U (National Land proposed for urban development). The Territory Plan is the key statutory planning document in the ACT, providing the policy framework for the administration of planning in the ACT. It is changed from time to time due to social, economic and environmental reasons. The Territory Plan is used to manage development, in particular the way in which land is used and what can be built. It is used in assessment of development applications and to guide the development of new estate areas (future urban land). </gco:CharacterString>
            </mri:abstract>
            <mri:purpose>
                <gco:CharacterString>Identifies boundaries of public land reserves (9 types), land identified as future urban area, and areas subject to the National Capital Plan and Commonwealth legislation.</gco:CharacterString>
            </mri:purpose>
            <mri:credit>
                <gco:CharacterString>Australian Capital Territory</gco:CharacterString>
            </mri:credit>
            <mri:pointOfContact>
                <cit:CI_Responsibility>
                    <cit:role>
                        <cit:CI_RoleCode codeList="standards.iso.org/19115/-3/lan/1.0/codelists.xml#CI_RoleCode" codeListValue="custodian">custodian</cit:CI_RoleCode>
                    </cit:role>
                    <cit:party>
                        <cit:CI_Organisation>
                            <cit:name>
                                <gco:CharacterString>ACT Environment, Planning and Sustainable Development Directorate</gco:CharacterString>
                            </cit:name>
                            <cit:contactInfo>
                                <cit:CI_Contact>
                                    <cit:address>
                                        <cit:CI_Address>
                                            <cit:deliveryPoint>
                                                <gco:CharacterString>GPO Box 158</gco:CharacterString>
                                            </cit:deliveryPoint>
                                            <cit:city>
                                                <gco:CharacterString>Canberra</gco:CharacterString>
                                            </cit:city>
                                            <cit:administrativeArea>
                                                <gco:CharacterString>ACT</gco:CharacterString>
                                            </cit:administrativeArea>
                                            <cit:postalCode>
                                                <gco:CharacterString>2601</gco:CharacterString>
                                            </cit:postalCode>
                                            <cit:country>
                                                <lan:CountryCode codeList="http://www.iso.org/iso/country_codes/iso_3166_code_lists.htm" codeListValue="AU">AU</lan:CountryCode>
                                            </cit:country>
                                            <cit:electronicMailAddress>
                                                <gco:CharacterString>spatialdata@act.gov.au</gco:CharacterString>
                                            </cit:electronicMailAddress>
                                        </cit:CI_Address>
                                    </cit:address>
                                </cit:CI_Contact>
                            </cit:contactInfo>
                        </cit:CI_Organisation>
                    </cit:party>
                </cit:CI_Responsibility>
            </mri:pointOfContact>
            <mri:spatialRepresentationType>
                <mcc:MD_SpatialRepresentationTypeCode codeList="standards.iso.org/19115/-3/lan/1.0/codelists.xml#MD_SpatialRepresentationTypeCode" codeListValue="vector">vector</mcc:MD_SpatialRepresentationTypeCode>
            </mri:spatialRepresentationType>
            <mri:topicCategory>
                <mri:MD_TopicCategoryCode>boundaries</mri:MD_TopicCategoryCode>
            </mri:topicCategory>
            <mri:topicCategory>
                <mri:MD_TopicCategoryCode>planningCadastre</mri:MD_TopicCategoryCode>
            </mri:topicCategory>
            <mri:extent>
                <gex:EX_Extent>
                    <gex:geographicElement>
                        <gex:EX_GeographicBoundingBox>
                            <gex:extentTypeCode>
                                <gco:Boolean>true</gco:Boolean>
                            </gex:extentTypeCode>
                            <gex:westBoundLongitude>
                                <gco:Decimal>148.755206</gco:Decimal>
                            </gex:westBoundLongitude>
                            <gex:eastBoundLongitude>
                                <gco:Decimal>149.337434</gco:Decimal>
                            </gex:eastBoundLongitude>
                            <gex:southBoundLatitude>
                                <gco:Decimal>-35.924876</gco:Decimal>
                            </gex:southBoundLatitude>
                            <gex:northBoundLatitude>
                                <gco:Decimal>-35.135682</gco:Decimal>
                            </gex:northBoundLatitude>
                        </gex:EX_GeographicBoundingBox>
                    </gex:geographicElement>
                </gex:EX_Extent>
            </mri:extent>
            <mri:resourceMaintenance>
                <mmi:MD_MaintenanceInformation>
                    <mmi:maintenanceAndUpdateFrequency>
                        <mmi:MD_MaintenanceFrequencyCode codeList="standards.iso.org/19115/-3/lan/1.0/codelists.xml#MD_MaintenanceFrequencyCode" codeListValue="asNeeded">asNeeded</mmi:MD_MaintenanceFrequencyCode>
                    </mmi:maintenanceAndUpdateFrequency>
                </mmi:MD_MaintenanceInformation>
            </mri:resourceMaintenance>
            <mri:descriptiveKeywords>
                <mri:MD_Keywords>
                    <mri:keyword>
                        <gco:CharacterString>HUMAN ENVIRONMENT-Planning</gco:CharacterString>
                    </mri:keyword>
                    <mri:type>
                        <mri:MD_KeywordTypeCode codeList="standards.iso.org/19115/-3/lan/1.0/codelists.xml#napMD_KeywordTypeCode" codeListValue="theme">theme</mri:MD_KeywordTypeCode>
                    </mri:type>
                </mri:MD_Keywords>
            </mri:descriptiveKeywords>
            <mri:descriptiveKeywords>
                <mri:MD_Keywords>
                    <mri:keyword>
                        <gco:CharacterString>BOUNDARIES-Administrative</gco:CharacterString>
                    </mri:keyword>
                    <mri:type>
                        <mri:MD_KeywordTypeCode codeList="standards.iso.org/19115/-3/lan/1.0/codelists.xml#napMD_KeywordTypeCode" codeListValue="theme">theme</mri:MD_KeywordTypeCode>
                    </mri:type>
                </mri:MD_Keywords>
            </mri:descriptiveKeywords>
            <mri:descriptiveKeywords>
                <mri:MD_Keywords>
                    <mri:keyword>
                        <gco:CharacterString>Australia</gco:CharacterString>
                    </mri:keyword>
                    <mri:type>
                        <mri:MD_KeywordTypeCode codeList="standards.iso.org/19115/-3/lan/1.0/codelists.xml#napMD_KeywordTypeCode" codeListValue="place">place</mri:MD_KeywordTypeCode>
                    </mri:type>
                </mri:MD_Keywords>
            </mri:descriptiveKeywords>
            <mri:descriptiveKeywords>
                <mri:MD_Keywords>
                    <mri:keyword>
                        <gco:CharacterString>State or Territory</gco:CharacterString>
                    </mri:keyword>
                    <mri:type>
                        <mri:MD_KeywordTypeCode codeList="standards.iso.org/19115/-3/lan/1.0/codelists.xml#napMD_KeywordTypeCode" codeListValue="place">place</mri:MD_KeywordTypeCode>
                    </mri:type>
                </mri:MD_Keywords>
            </mri:descriptiveKeywords>
            <mri:descriptiveKeywords>
                <mri:MD_Keywords>
                    <mri:keyword>
                        <gco:CharacterString>Australian Capital Territory</gco:CharacterString>
                    </mri:keyword>
                    <mri:type>
                        <mri:MD_KeywordTypeCode codeList="standards.iso.org/19115/-3/lan/1.0/codelists.xml#napMD_KeywordTypeCode" codeListValue="place">place</mri:MD_KeywordTypeCode>
                    </mri:type>
                </mri:MD_Keywords>
            </mri:descriptiveKeywords>
            <mri:descriptiveKeywords>
                <mri:MD_Keywords>
                    <mri:keyword>
                        <gco:CharacterString>Downloadable Data</gco:CharacterString>
                    </mri:keyword>
                    <mri:thesaurusName uuidref="723f6998-058e-11dc-8314-0800200c9a66"/>
                </mri:MD_Keywords>
            </mri:descriptiveKeywords>
            <mri:resourceConstraints>
                <mco:MD_LegalConstraints>
                    <mco:useLimitation>
                        <gco:CharacterString>Creative Commons By Attribution 4.0 (Australian Capital Territory)</gco:CharacterString>
                    </mco:useLimitation>
                </mco:MD_LegalConstraints>
            </mri:resourceConstraints>
            <mri:resourceConstraints>
                <mco:MD_LegalConstraints>
                    <mco:accessConstraints>
                        <mco:MD_RestrictionCode codeList="standards.iso.org/19115/-3/lan/1.0/codelists.xml#MD_RestrictionCode" codeListValue="otherRestrictions">otherRestrictions</mco:MD_RestrictionCode>
                    </mco:accessConstraints>
                    <mco:otherConstraints>
                        <gco:CharacterString>Other Constraints</gco:CharacterString>
                    </mco:otherConstraints>
                </mco:MD_LegalConstraints>
            </mri:resourceConstraints>
            <mri:resourceConstraints>
                <mco:MD_LegalConstraints>
                    <mco:useConstraints>
                        <mco:MD_RestrictionCode codeList="standards.iso.org/19115/-3/lan/1.0/codelists.xml#MD_RestrictionCode" codeListValue="otherRestrictions">otherRestrictions</mco:MD_RestrictionCode>
                    </mco:useConstraints>
                    <mco:otherConstraints>
                        <gco:CharacterString>Other Constraints</gco:CharacterString>
                    </mco:otherConstraints>
                </mco:MD_LegalConstraints>
            </mri:resourceConstraints>
            <mri:defaultLocale>
                <lan:PT_Locale>
                    <lan:language>
                        <lan:LanguageCode codeList="http://www.loc.gov/standards/iso639-2/php/code_list.php" codeListValue="eng">eng</lan:LanguageCode>
                    </lan:language>
                    <lan:country>
                        <lan:CountryCode codeList="http://www.iso.org/iso/country_codes/iso_3166_code_lists.htm" codeListValue="US">US</lan:CountryCode>
                    </lan:country>
                    <lan:characterEncoding>
                        <lan:MD_CharacterSetCode codeList="standards.iso.org/19115/-3/lan/1.0/codelists.xml#MD_CharacterSetCode" codeListValue="utf8">utf8</lan:MD_CharacterSetCode>
                    </lan:characterEncoding>
                </lan:PT_Locale>
            </mri:defaultLocale>
            <mri:environmentDescription>
                <gco:CharacterString>Esri ArcGIS 12.4.0.19948</gco:CharacterString>
            </mri:environmentDescription>
        </mri:MD_DataIdentification>
    </mdb:identificationInfo>
    <mdb:distributionInfo>
        <mrd:MD_Distribution>
            <mrd:distributionFormat>
                <mrd:MD_Format>
                    <mrd:formatSpecificationCitation>
                        <cit:CI_Citation>
                            <cit:title>
                                <gco:CharacterString>Enterprise Geodatabase Feature Class</gco:CharacterString>
                            </cit:title>
                        </cit:CI_Citation>
                    </mrd:formatSpecificationCitation>
                </mrd:MD_Format>
            </mrd:distributionFormat>
        </mrd:MD_Distribution>
    </mdb:distributionInfo>
    <mdb:metadataMaintenance>
        <mmi:MD_MaintenanceInformation>
            <mmi:maintenanceAndUpdateFrequency>
                <mmi:MD_MaintenanceFrequencyCode codeList="standards.iso.org/19115/-3/lan/1.0/codelists.xml#MD_MaintenanceFrequencyCode" codeListValue="asNeeded">asNeeded</mmi:MD_MaintenanceFrequencyCode>
            </mmi:maintenanceAndUpdateFrequency>
        </mmi:MD_MaintenanceInformation>
    </mdb:metadataMaintenance>
</mdb:MD_Metadata>
