<?xml version="1.0" encoding="UTF-8"?><MD_Metadata xmlns:gts="http://www.isotc211.org/2005/gts" xmlns:gco="http://www.isotc211.org/2005/gco" xmlns:xalan="http://xml.apache.org/xalan" xmlns:srv="http://www.isotc211.org/2005/srv" xmlns:gmx="http://www.isotc211.org/2005/gmx" xmlns:xlink="http://www.w3.org/1999/xlink" xmlns:xsi="http://www.w3.org/2001/XMLSchema-instance" xmlns:gml="http://www.opengis.net/gml" xmlns="http://www.isotc211.org/2005/gmd">
    <characterSet>
        <MD_CharacterSetCode codeList="http://www.isotc211.org/2005/resources/Codelist/gmxCodelists.xml#MD_CharacterSetCode" codeListValue="utf8" codeSpace="ISOTC211/19115">utf8</MD_CharacterSetCode>
    </characterSet>
    <hierarchyLevel>
        <MD_ScopeCode codeList="http://www.isotc211.org/2005/resources/Codelist/gmxCodelists.xml#MD_ScopeCode" codeListValue="dataset" codeSpace="ISOTC211/19115">dataset</MD_ScopeCode>
    </hierarchyLevel>
    <hierarchyLevelName>
        <gco:CharacterString>dataset</gco:CharacterString>
    </hierarchyLevelName>
    <contact gco:nilReason="missing"/>
    <dateStamp gco:nilReason="missing"/>
    <metadataStandardName>
        <gco:CharacterString>ISO 19139 Geographic Information - Metadata - Implementation Specification</gco:CharacterString>
    </metadataStandardName>
    <metadataStandardVersion>
        <gco:CharacterString>2007</gco:CharacterString>
    </metadataStandardVersion>
    <identificationInfo>
        <MD_DataIdentification>
            <citation>
                <CI_Citation>
                    <title>
                        <gco:CharacterString>EHWCR_URB_Connectivity_Waterways_and_Creek_lines</gco:CharacterString>
                    </title>
                    <date gco:nilReason="missing"/>
                </CI_Citation>
            </citation>
            <abstract>
                <gco:CharacterString>A collation of persistent and non-persistent waterbodies, developed for the Urban Habitat and Connectivity Project. See each layer for metadata.Contact: For accessibility issues or data enquiries please contact the Connecting Nature, Connecting People team, cncp@act.gov.au.</gco:CharacterString>
            </abstract>
            <purpose>
                <gco:CharacterString>Persistent and non-persistent waterbodies, derived from LiDAR and buffered hydrolines.</gco:CharacterString>
            </purpose>
            <credit>
                <gco:CharacterString>Australian Capital Territory</gco:CharacterString>
            </credit>
            <descriptiveKeywords>
                <MD_Keywords>
                    <keyword>
                        <gco:CharacterString>EHW</gco:CharacterString>
                    </keyword>
                    <keyword>
                        <gco:CharacterString>EPSDD</gco:CharacterString>
                    </keyword>
                    <keyword>
                        <gco:CharacterString>CR</gco:CharacterString>
                    </keyword>
                    <keyword>
                        <gco:CharacterString>CNCP</gco:CharacterString>
                    </keyword>
                    <keyword>
                        <gco:CharacterString>UHCP</gco:CharacterString>
                    </keyword>
                    <keyword>
                        <gco:CharacterString>Urban Biodiversity</gco:CharacterString>
                    </keyword>
                    <keyword>
                        <gco:CharacterString>Environment</gco:CharacterString>
                    </keyword>
                    <keyword>
                        <gco:CharacterString>Water</gco:CharacterString>
                    </keyword>
                </MD_Keywords>
            </descriptiveKeywords>
            <resourceConstraints>
                <MD_Constraints>
                    <useLimitation>
                        <gco:CharacterString>Creative Common by Attribution 4.0 (Australian Capital Territory) Please read Data Terms and Conditions statement before data use. </gco:CharacterString>
                    </useLimitation>
                </MD_Constraints>
            </resourceConstraints>
            <language gco:nilReason="missing"/>
            <characterSet>
                <MD_CharacterSetCode codeList="http://www.isotc211.org/2005/resources/Codelist/gmxCodelists.xml#MD_CharacterSetCode" codeListValue="utf8" codeSpace="ISOTC211/19115">utf8</MD_CharacterSetCode>
            </characterSet>
        </MD_DataIdentification>
    </identificationInfo>
</MD_Metadata>
