<?xml version="1.0" encoding="UTF-8"?><mdb:MD_Metadata xmlns:msr="http://standards.iso.org/iso/19115/-3/msr/1.0" xmlns:cit="http://standards.iso.org/iso/19115/-3/cit/1.0" xmlns:mex="http://standards.iso.org/iso/19115/-3/mex/1.0" xmlns:gcx="http://standards.iso.org/iso/19115/-3/gcx/1.0" xmlns:mmi="http://standards.iso.org/iso/19115/-3/mmi/1.0" xmlns:mac="http://standards.iso.org/iso/19115/-3/mac/1.0" xmlns:esri="http://www.esri.com/metadata/" xmlns:mdb="http://standards.iso.org/iso/19115/-3/mdb/1.0" xmlns:mda="http://standards.iso.org/iso/19115/-3/mda/1.0" xmlns:xsi="http://www.w3.org/2001/XMLSchema-instance" xmlns:mpc="http://standards.iso.org/iso/19115/-3/mpc/1.0" xmlns:cat="http://standards.iso.org/iso/19115/-3/cat/1.0" xmlns:gco="http://standards.iso.org/iso/19115/-3/gco/1.0" xmlns:xlink="http://www.w3.org/1999/xlink" xmlns:lan="http://standards.iso.org/iso/19115/-3/lan/1.0" xmlns:t="http://www.esri.com/xslt/translator" xmlns:mco="http://standards.iso.org/iso/19115/-3/mco/1.0" xmlns:mrs="http://standards.iso.org/iso/19115/-3/mrs/1.0" xmlns:dqc="http://standards.iso.org/iso/19157/-2/dqc/1.0" xmlns:gml="http://www.opengis.net/gml/3.2" xmlns:mrl="http://standards.iso.org/iso/19115/-3/mrl/1.0" xmlns:gex="http://standards.iso.org/iso/19115/-3/gex/1.0" xmlns:mdt="http://standards.iso.org/iso/19115/-3/mdt/1.0" xmlns:mri="http://standards.iso.org/iso/19115/-3/mri/1.0" xmlns:mas="http://standards.iso.org/iso/19115/-3/mas/1.0" xmlns:mds="http://standards.iso.org/iso/19115/-3/mds/1.0" xmlns:mcc="http://standards.iso.org/iso/19115/-3/mcc/1.0" xmlns:srv="http://standards.iso.org/iso/19115/-3/srv/2.0" xmlns:mdq="http://standards.iso.org/iso/19157/-2/mdq/1.0" xmlns:mrd="http://standards.iso.org/iso/19115/-3/mrd/1.0" xmlns:res="http://www.esri.com/metadata/res/" xmlns:mrc="http://standards.iso.org/iso/19115/-3/mrc/1.0">
    <mdb:metadataScope>
        <mdb:MD_MetadataScope>
            <mdb:resourceScope>
                <MD_ScopeCode codeList="standards.iso.org/19115/-3/lan/1.0/codelists.xml#MD_ScopeCode" codeListValue="dataset">dataset</MD_ScopeCode>
            </mdb:resourceScope>
        </mdb:MD_MetadataScope>
    </mdb:metadataScope>
    <mdb:contact gco:nilReason="missing"/>
    <mdb:dateInfo gco:nilReason="missing"/>
    <mdb:metadataStandard>
        <cit:CI_Citation>
            <cit:title>
                <gco:CharacterString>ISO 19115-3 Geographic Information - Metadata - Part 1: Fundamentals</gco:CharacterString>
            </cit:title>
            <cit:edition>
                <gco:CharacterString>2014</gco:CharacterString>
            </cit:edition>
        </cit:CI_Citation>
    </mdb:metadataStandard>
    <mdb:identificationInfo>
        <mri:MD_DataIdentification>
            <mri:citation gco:nilReason="missing"/>
            <mri:abstract>
                <gco:CharacterString>The position and extents of the centreline of the air / light rail / railway / road or water transport feature. Segments are defined by intersections, with a segment running from one intersection to the next.Coordinate System is MGA2020-55 (EPSG #7855).  </gco:CharacterString>
            </mri:abstract>
            <mri:purpose>
                <gco:CharacterString>The position and extents of the centreline of the air / light rail / railway / road or water transport feature. Segments are defined by intersections, with a segment running from one intersection to the next.</gco:CharacterString>
            </mri:purpose>
            <mri:credit>
                <gco:CharacterString>ACT Government</gco:CharacterString>
            </mri:credit>
            <mri:descriptiveKeywords>
                <mri:MD_Keywords>
                    <mri:keyword>
                        <gco:CharacterString>EPSDD</gco:CharacterString>
                    </mri:keyword>
                    <mri:keyword>
                        <gco:CharacterString>SDMS</gco:CharacterString>
                    </mri:keyword>
                    <mri:keyword>
                        <gco:CharacterString>land administration</gco:CharacterString>
                    </mri:keyword>
                    <mri:keyword>
                        <gco:CharacterString>road</gco:CharacterString>
                    </mri:keyword>
                    <mri:keyword>
                        <gco:CharacterString>centreline</gco:CharacterString>
                    </mri:keyword>
                    <mri:keyword>
                        <gco:CharacterString>centre</gco:CharacterString>
                    </mri:keyword>
                    <mri:keyword>
                        <gco:CharacterString>line</gco:CharacterString>
                    </mri:keyword>
                    <mri:keyword>
                        <gco:CharacterString>ACT</gco:CharacterString>
                    </mri:keyword>
                </mri:MD_Keywords>
            </mri:descriptiveKeywords>
            <mri:descriptiveKeywords>
                <mri:MD_Keywords>
                    <mri:keyword>
                        <gco:CharacterString>EPSDD</gco:CharacterString>
                    </mri:keyword>
                    <mri:keyword>
                        <gco:CharacterString>SDMS</gco:CharacterString>
                    </mri:keyword>
                    <mri:keyword>
                        <gco:CharacterString>land administration</gco:CharacterString>
                    </mri:keyword>
                    <mri:keyword>
                        <gco:CharacterString>road</gco:CharacterString>
                    </mri:keyword>
                    <mri:keyword>
                        <gco:CharacterString>centreline</gco:CharacterString>
                    </mri:keyword>
                    <mri:keyword>
                        <gco:CharacterString>centre</gco:CharacterString>
                    </mri:keyword>
                    <mri:keyword>
                        <gco:CharacterString>line</gco:CharacterString>
                    </mri:keyword>
                    <mri:keyword>
                        <gco:CharacterString>ACT</gco:CharacterString>
                    </mri:keyword>
                </mri:MD_Keywords>
            </mri:descriptiveKeywords>
            <mri:descriptiveKeywords>
                <mri:MD_Keywords>
                    <mri:keyword>
                        <gco:CharacterString>EPSDD</gco:CharacterString>
                    </mri:keyword>
                    <mri:keyword>
                        <gco:CharacterString>SDMS</gco:CharacterString>
                    </mri:keyword>
                    <mri:keyword>
                        <gco:CharacterString>land administration</gco:CharacterString>
                    </mri:keyword>
                    <mri:keyword>
                        <gco:CharacterString>road</gco:CharacterString>
                    </mri:keyword>
                    <mri:keyword>
                        <gco:CharacterString>centreline</gco:CharacterString>
                    </mri:keyword>
                    <mri:keyword>
                        <gco:CharacterString>centre</gco:CharacterString>
                    </mri:keyword>
                    <mri:keyword>
                        <gco:CharacterString>line</gco:CharacterString>
                    </mri:keyword>
                    <mri:keyword>
                        <gco:CharacterString>ACT</gco:CharacterString>
                    </mri:keyword>
                </mri:MD_Keywords>
            </mri:descriptiveKeywords>
            <mri:descriptiveKeywords>
                <mri:MD_Keywords>
                    <mri:keyword>
                        <gco:CharacterString>EPSDD</gco:CharacterString>
                    </mri:keyword>
                    <mri:keyword>
                        <gco:CharacterString>SDMS</gco:CharacterString>
                    </mri:keyword>
                    <mri:keyword>
                        <gco:CharacterString>land administration</gco:CharacterString>
                    </mri:keyword>
                    <mri:keyword>
                        <gco:CharacterString>road</gco:CharacterString>
                    </mri:keyword>
                    <mri:keyword>
                        <gco:CharacterString>centreline</gco:CharacterString>
                    </mri:keyword>
                    <mri:keyword>
                        <gco:CharacterString>centre</gco:CharacterString>
                    </mri:keyword>
                    <mri:keyword>
                        <gco:CharacterString>line</gco:CharacterString>
                    </mri:keyword>
                    <mri:keyword>
                        <gco:CharacterString>ACT</gco:CharacterString>
                    </mri:keyword>
                </mri:MD_Keywords>
            </mri:descriptiveKeywords>
            <mri:descriptiveKeywords>
                <mri:MD_Keywords>
                    <mri:keyword>
                        <gco:CharacterString>EPSDD</gco:CharacterString>
                    </mri:keyword>
                    <mri:keyword>
                        <gco:CharacterString>SDMS</gco:CharacterString>
                    </mri:keyword>
                    <mri:keyword>
                        <gco:CharacterString>land administration</gco:CharacterString>
                    </mri:keyword>
                    <mri:keyword>
                        <gco:CharacterString>road</gco:CharacterString>
                    </mri:keyword>
                    <mri:keyword>
                        <gco:CharacterString>centreline</gco:CharacterString>
                    </mri:keyword>
                    <mri:keyword>
                        <gco:CharacterString>centre</gco:CharacterString>
                    </mri:keyword>
                    <mri:keyword>
                        <gco:CharacterString>line</gco:CharacterString>
                    </mri:keyword>
                    <mri:keyword>
                        <gco:CharacterString>ACT</gco:CharacterString>
                    </mri:keyword>
                </mri:MD_Keywords>
            </mri:descriptiveKeywords>
            <mri:descriptiveKeywords>
                <mri:MD_Keywords>
                    <mri:keyword>
                        <gco:CharacterString>EPSDD</gco:CharacterString>
                    </mri:keyword>
                    <mri:keyword>
                        <gco:CharacterString>SDMS</gco:CharacterString>
                    </mri:keyword>
                    <mri:keyword>
                        <gco:CharacterString>land administration</gco:CharacterString>
                    </mri:keyword>
                    <mri:keyword>
                        <gco:CharacterString>road</gco:CharacterString>
                    </mri:keyword>
                    <mri:keyword>
                        <gco:CharacterString>centreline</gco:CharacterString>
                    </mri:keyword>
                    <mri:keyword>
                        <gco:CharacterString>centre</gco:CharacterString>
                    </mri:keyword>
                    <mri:keyword>
                        <gco:CharacterString>line</gco:CharacterString>
                    </mri:keyword>
                    <mri:keyword>
                        <gco:CharacterString>ACT</gco:CharacterString>
                    </mri:keyword>
                </mri:MD_Keywords>
            </mri:descriptiveKeywords>
            <mri:descriptiveKeywords>
                <mri:MD_Keywords>
                    <mri:keyword>
                        <gco:CharacterString>EPSDD</gco:CharacterString>
                    </mri:keyword>
                    <mri:keyword>
                        <gco:CharacterString>SDMS</gco:CharacterString>
                    </mri:keyword>
                    <mri:keyword>
                        <gco:CharacterString>land administration</gco:CharacterString>
                    </mri:keyword>
                    <mri:keyword>
                        <gco:CharacterString>road</gco:CharacterString>
                    </mri:keyword>
                    <mri:keyword>
                        <gco:CharacterString>centreline</gco:CharacterString>
                    </mri:keyword>
                    <mri:keyword>
                        <gco:CharacterString>centre</gco:CharacterString>
                    </mri:keyword>
                    <mri:keyword>
                        <gco:CharacterString>line</gco:CharacterString>
                    </mri:keyword>
                    <mri:keyword>
                        <gco:CharacterString>ACT</gco:CharacterString>
                    </mri:keyword>
                </mri:MD_Keywords>
            </mri:descriptiveKeywords>
            <mri:descriptiveKeywords>
                <mri:MD_Keywords>
                    <mri:keyword>
                        <gco:CharacterString>EPSDD</gco:CharacterString>
                    </mri:keyword>
                    <mri:keyword>
                        <gco:CharacterString>SDMS</gco:CharacterString>
                    </mri:keyword>
                    <mri:keyword>
                        <gco:CharacterString>land administration</gco:CharacterString>
                    </mri:keyword>
                    <mri:keyword>
                        <gco:CharacterString>road</gco:CharacterString>
                    </mri:keyword>
                    <mri:keyword>
                        <gco:CharacterString>centreline</gco:CharacterString>
                    </mri:keyword>
                    <mri:keyword>
                        <gco:CharacterString>centre</gco:CharacterString>
                    </mri:keyword>
                    <mri:keyword>
                        <gco:CharacterString>line</gco:CharacterString>
                    </mri:keyword>
                    <mri:keyword>
                        <gco:CharacterString>ACT</gco:CharacterString>
                    </mri:keyword>
                </mri:MD_Keywords>
            </mri:descriptiveKeywords>
            <mri:resourceConstraints>
                <mco:MD_Constraints>
                    <mco:useLimitation>
                        <gco:CharacterString>Creative Commons By Attribution 4.0 (Australian
Capital Territory).

Please read Data
Terms and Conditions statement before data use.</gco:CharacterString>
                    </mco:useLimitation>
                </mco:MD_Constraints>
            </mri:resourceConstraints>
            <mri:defaultLocale gco:nilReason="missing"/>
        </mri:MD_DataIdentification>
    </mdb:identificationInfo>
</mdb:MD_Metadata>
